{
  "annotations": {
    "list": [
      {
        "builtIn": 1,
        "datasource": {
          "type": "grafana",
          "uid": "-- Grafana --"
        },
        "enable": true,
        "hide": true,
        "iconColor": "rgba(0, 211, 255, 1)",
        "name": "Annotations & Alerts",
        "type": "dashboard"
      }
    ]
  },
  "editable": true,
  "fiscalYearStartMonth": 0,
  "graphTooltip": 0,
  "links": [],
  "panels": [
    {
      "datasource": {
        "type": "kniepdennis-neo4j-datasource",
        "uid": "adt0ai4d35534a"
      },
      "fieldConfig": {
        "defaults": {
          "color": {
            "mode": "thresholds"
          },
          "custom": {
            "align": "auto",
            "cellOptions": {
              "applyToRow": true,
              "type": "color-background"
            },
            "inspect": false
          },
          "mappings": [
            {
              "options": {
                "1": {
                  "color": "semi-dark-red",
                  "index": 0
                }
              },
              "type": "value"
            }
          ],
          "thresholds": {
            "mode": "absolute",
            "steps": [
              {
                "color": "green",
                "value": null
              }
            ]
          }
        },
        "overrides": [
          {
            "matcher": {
              "id": "byName",
              "options": "StatusInt"
            },
            "properties": [
              {
                "id": "custom.hidden",
                "value": true
              }
            ]
          }
        ]
      },
      "gridPos": {
        "h": 8,
        "w": 24,
        "x": 0,
        "y": 0
      },
      "id": 9,
      "options": {
        "cellHeight": "sm",
        "footer": {
          "countRows": false,
          "fields": "",
          "reducer": [
            "sum"
          ],
          "show": false
        },
        "showHeader": true,
        "sortBy": [
          {
            "desc": false,
            "displayName": "FraudStatus"
          }
        ]
      },
      "pluginVersion": "11.1.4",
      "targets": [
        {
          "cypherQuery": "MATCH ()-[r:TRANSACTION]->()\nWITH r, \n     substring(r.trans_date_trans_time, 0, 10) AS datePart,  // Extract 'YYYY-MM-DD'\n     substring(r.trans_date_trans_time, 11, 8) AS timePart   // Extract 'HH:MM:SS'\nWITH r,\n     datePart + 'T' + timePart AS isoDateTime,                // Combine into ISO 8601 format\n     CASE \n         WHEN r.pred_gcn_is_fraud = 1 AND \n              r.pred_xgb_is_fraud = 1 AND \n              r.pred_catboost_is_fraud = 1 \n         THEN \"Fraud Detected\"\n         ELSE \"Normal\"\n     END AS FraudStatus,                                   // Determine Fraud Status based on conditions\n     CASE \n         WHEN r.pred_gcn_is_fraud = 1 AND \n              r.pred_xgb_is_fraud = 1 AND \n              r.pred_catboost_is_fraud = 1 \n         THEN 1\n         ELSE 0\n     END AS StatusInt\nRETURN r.trans_num AS TransactionNumber, \n       isoDateTime AS TransactionDateTime,                  // Use isoDateTime here\n       r.amt AS Amount, \n       r.category AS Category, \n       FraudStatus AS FraudStatus,                           \n       StatusInt AS StatusInt\nORDER BY r.trans_date_trans_time DESC\nLIMIT 1000\n",
          "datasource": {
            "type": "kniepdennis-neo4j-datasource",
            "uid": "adt0ai4d35534a"
          },
          "hide": false,
          "refId": "A"
        }
      ],
      "title": "최근 트랜잭션 (1000개)",
      "type": "table"
    },
    {
      "datasource": {
        "type": "kniepdennis-neo4j-datasource",
        "uid": "adt0ai4d35534a"
      },
      "fieldConfig": {
        "defaults": {
          "color": {
            "mode": "palette-classic"
          },
          "custom": {
            "axisBorderShow": false,
            "axisCenteredZero": false,
            "axisColorMode": "text",
            "axisLabel": "",
            "axisPlacement": "auto",
            "fillOpacity": 80,
            "gradientMode": "none",
            "hideFrom": {
              "legend": false,
              "tooltip": false,
              "viz": false
            },
            "lineWidth": 1,
            "scaleDistribution": {
              "type": "linear"
            },
            "thresholdsStyle": {
              "mode": "dashed+area"
            }
          },
          "mappings": [
            {
              "options": {
                "from": 0,
                "result": {
                  "color": "green",
                  "index": 0
                },
                "to": 2999
              },
              "type": "range"
            },
            {
              "options": {
                "from": 3000,
                "result": {
                  "color": "yellow",
                  "index": 1
                },
                "to": 3999
              },
              "type": "range"
            },
            {
              "options": {
                "from": 4000,
                "result": {
                  "color": "semi-dark-red",
                  "index": 2
                },
                "to": 9999990
              },
              "type": "range"
            }
          ],
          "thresholds": {
            "mode": "absolute",
            "steps": [
              {
                "color": "green",
                "value": null
              },
              {
                "color": "yellow",
                "value": 3000
              },
              {
                "color": "semi-dark-red",
                "value": 4000
              }
            ]
          },
          "unit": "short"
        },
        "overrides": []
      },
      "gridPos": {
        "h": 8,
        "w": 12,
        "x": 0,
        "y": 8
      },
      "id": 12,
      "options": {
        "barRadius": 0,
        "barWidth": 0.87,
        "fullHighlight": false,
        "groupWidth": 0.7,
        "legend": {
          "calcs": [],
          "displayMode": "list",
          "placement": "right",
          "showLegend": false
        },
        "orientation": "auto",
        "showValue": "always",
        "stacking": "none",
        "tooltip": {
          "mode": "single",
          "sort": "none"
        },
        "xTickLabelMaxLength": 7,
        "xTickLabelRotation": 30,
        "xTickLabelSpacing": 0
      },
      "targets": [
        {
          "cypherQuery": "MATCH ()-[t:TRANSACTION]->(m:Merchant)\nRETURN m.name AS MerchantName, COUNT(t) AS TransactionCount\nORDER BY TransactionCount DESC\nLIMIT 10\n",
          "datasource": {
            "type": "kniepdennis-neo4j-datasource",
            "uid": "adt0ai4d35534a"
          },
          "hide": false,
          "refId": "A"
        }
      ],
      "title": "거래액양이 제일 많은 상점",
      "type": "barchart"
    },
    {
      "datasource": {
        "type": "kniepdennis-neo4j-datasource",
        "uid": "adt0ai4d35534a"
      },
      "description": "",
      "fieldConfig": {
        "defaults": {
          "color": {
            "mode": "palette-classic"
          },
          "custom": {
            "axisBorderShow": false,
            "axisCenteredZero": false,
            "axisColorMode": "text",
            "axisLabel": "",
            "axisPlacement": "auto",
            "fillOpacity": 80,
            "gradientMode": "none",
            "hideFrom": {
              "legend": false,
              "tooltip": false,
              "viz": false
            },
            "lineWidth": 1,
            "scaleDistribution": {
              "type": "linear"
            },
            "thresholdsStyle": {
              "mode": "off"
            }
          },
          "mappings": [],
          "thresholds": {
            "mode": "absolute",
            "steps": [
              {
                "color": "green",
                "value": null
              },
              {
                "color": "red",
                "value": 80
              }
            ]
          },
          "unit": "short"
        },
        "overrides": []
      },
      "gridPos": {
        "h": 8,
        "w": 6,
        "x": 12,
        "y": 8
      },
      "id": 7,
      "options": {
        "barRadius": 0,
        "barWidth": 0.97,
        "fullHighlight": false,
        "groupWidth": 0.7,
        "legend": {
          "calcs": [],
          "displayMode": "list",
          "placement": "right",
          "showLegend": false
        },
        "orientation": "horizontal",
        "showValue": "never",
        "stacking": "none",
        "tooltip": {
          "mode": "single",
          "sort": "none"
        },
        "xTickLabelRotation": 0,
        "xTickLabelSpacing": 0
      },
      "targets": [
        {
          "cypherQuery": "MATCH ()-[t:TRANSACTION]->()\nWHERE t.pred_catboost_is_fraud = 1\n    AND t.pred_gcn_is_fraud = 1\n    AND t.pred_xgb_is_fraud = 1\nWITH t.amt AS TransactionAmount\n// Define the bin ranges and assign an order key\nWITH CASE\n    WHEN TransactionAmount <= 10 THEN '0-10'\n    WHEN TransactionAmount <= 20 THEN '11-20'\n    WHEN TransactionAmount <= 30 THEN '21-30'\n    WHEN TransactionAmount <= 40 THEN '31-40'\n    WHEN TransactionAmount <= 50 THEN '41-50'\n    WHEN TransactionAmount <= 100 THEN '51-100'\n    WHEN TransactionAmount <= 1000 THEN '101-1000'\n    WHEN TransactionAmount <= 5000 THEN '1001-5000'\n    ELSE '5000+'\nEND AS BinRange,\nCASE\n    WHEN TransactionAmount <= 10 THEN 1\n    WHEN TransactionAmount <= 20 THEN 2\n    WHEN TransactionAmount <= 30 THEN 3\n    WHEN TransactionAmount <= 40 THEN 4\n    WHEN TransactionAmount <= 50 THEN 5\n    WHEN TransactionAmount <= 100 THEN 6\n    WHEN TransactionAmount <= 1000 THEN 7\n    WHEN TransactionAmount <= 5000 THEN 8\n    ELSE 9\nEND AS BinOrder\n// Aggregate and count transactions by bin\nWITH BinRange, BinOrder, COUNT(*) AS TransactionCount\n// Order by BinOrder in a subsequent WITH clause\nRETURN BinRange, TransactionCount\nORDER BY BinOrder\n",
          "datasource": {
            "type": "kniepdennis-neo4j-datasource",
            "uid": "adt0ai4d35534a"
          },
          "hide": false,
          "refId": "A"
        }
      ],
      "title": "이상거래액 분포",
      "type": "barchart"
    },
    {
      "datasource": {
        "type": "kniepdennis-neo4j-datasource",
        "uid": "adt0ai4d35534a"
      },
      "fieldConfig": {
        "defaults": {
          "color": {
            "mode": "palette-classic"
          },
          "custom": {
            "axisBorderShow": false,
            "axisCenteredZero": false,
            "axisColorMode": "text",
            "axisLabel": "",
            "axisPlacement": "auto",
            "fillOpacity": 80,
            "gradientMode": "none",
            "hideFrom": {
              "legend": false,
              "tooltip": false,
              "viz": false
            },
            "lineWidth": 1,
            "scaleDistribution": {
              "type": "linear"
            },
            "thresholdsStyle": {
              "mode": "off"
            }
          },
          "mappings": [],
          "thresholds": {
            "mode": "absolute",
            "steps": [
              {
                "color": "green",
                "value": null
              },
              {
                "color": "red",
                "value": 80
              }
            ]
          },
          "unit": "short"
        },
        "overrides": []
      },
      "gridPos": {
        "h": 8,
        "w": 6,
        "x": 18,
        "y": 8
      },
      "id": 10,
      "options": {
        "barRadius": 0,
        "barWidth": 0.97,
        "fullHighlight": false,
        "groupWidth": 0.7,
        "legend": {
          "calcs": [],
          "displayMode": "list",
          "placement": "right",
          "showLegend": false
        },
        "orientation": "horizontal",
        "showValue": "never",
        "stacking": "none",
        "tooltip": {
          "mode": "single",
          "sort": "none"
        },
        "xTickLabelRotation": 0,
        "xTickLabelSpacing": 0
      },
      "targets": [
        {
          "cypherQuery": "MATCH ()-[t:TRANSACTION]->()\nWITH t.amt AS TransactionAmount\n// Define the bin ranges and assign an order key\nWITH CASE\n    WHEN TransactionAmount <= 10 THEN '0-10'\n    WHEN TransactionAmount <= 20 THEN '11-20'\n    WHEN TransactionAmount <= 30 THEN '21-30'\n    WHEN TransactionAmount <= 40 THEN '31-40'\n    WHEN TransactionAmount <= 50 THEN '41-50'\n    WHEN TransactionAmount <= 100 THEN '51-100'\n    WHEN TransactionAmount <= 1000 THEN '101-1000'\n    WHEN TransactionAmount <= 5000 THEN '1001-5000'\n    ELSE '5000+'\nEND AS BinRange,\nCASE\n    WHEN TransactionAmount <= 10 THEN 1\n    WHEN TransactionAmount <= 20 THEN 2\n    WHEN TransactionAmount <= 30 THEN 3\n    WHEN TransactionAmount <= 40 THEN 4\n    WHEN TransactionAmount <= 50 THEN 5\n    WHEN TransactionAmount <= 100 THEN 6\n    WHEN TransactionAmount <= 1000 THEN 7\n    WHEN TransactionAmount <= 5000 THEN 8\n    ELSE 9\nEND AS BinOrder\n// Aggregate and count transactions by bin\nWITH BinRange, BinOrder, COUNT(*) AS TransactionCount\n// Order by BinOrder in a subsequent WITH clause\nRETURN BinRange, TransactionCount\nORDER BY BinOrder\n",
          "datasource": {
            "type": "kniepdennis-neo4j-datasource",
            "uid": "adt0ai4d35534a"
          },
          "hide": false,
          "refId": "A"
        }
      ],
      "title": "모든 거래액 분포",
      "type": "barchart"
    },
    {
      "datasource": {
        "type": "kniepdennis-neo4j-datasource",
        "uid": "adt0ai4d35534a"
      },
      "fieldConfig": {
        "defaults": {
          "color": {
            "mode": "thresholds"
          },
          "custom": {
            "align": "auto",
            "cellOptions": {
              "type": "auto"
            },
            "inspect": false
          },
          "mappings": [],
          "thresholds": {
            "mode": "absolute",
            "steps": [
              {
                "color": "green",
                "value": null
              },
              {
                "color": "red",
                "value": 80
              }
            ]
          }
        },
        "overrides": []
      },
      "gridPos": {
        "h": 8,
        "w": 6,
        "x": 0,
        "y": 16
      },
      "id": 4,
      "options": {
        "cellHeight": "sm",
        "footer": {
          "countRows": false,
          "fields": "",
          "reducer": [
            "sum"
          ],
          "show": false
        },
        "showHeader": true
      },
      "pluginVersion": "11.1.4",
      "targets": [
        {
          "cypherQuery": "MATCH ()-[t:TRANSACTION {is_fraud: 1}]->(m:Merchant)\nRETURN m.name AS MerchantName, COUNT(t) AS FraudulentTransactionCount\nORDER BY FraudulentTransactionCount DESC",
          "datasource": {
            "type": "kniepdennis-neo4j-datasource",
            "uid": "adt0ai4d35534a"
          },
          "hide": false,
          "refId": "A"
        }
      ],
      "title": "상점에 의한 이상거래 총",
      "type": "table"
    },
    {
      "datasource": {
        "type": "kniepdennis-neo4j-datasource",
        "uid": "adt0ai4d35534a"
      },
      "fieldConfig": {
        "defaults": {
          "color": {
            "mode": "palette-classic"
          },
          "custom": {
            "hideFrom": {
              "legend": false,
              "tooltip": false,
              "viz": false
            }
          },
          "mappings": []
        },
        "overrides": []
      },
      "gridPos": {
        "h": 8,
        "w": 6,
        "x": 6,
        "y": 16
      },
      "id": 11,
      "options": {
        "displayLabels": [
          "percent"
        ],
        "legend": {
          "calcs": [],
          "displayMode": "list",
          "placement": "right",
          "showLegend": true,
          "values": []
        },
        "pieType": "pie",
        "reduceOptions": {
          "calcs": [
            "lastNotNull"
          ],
          "fields": "",
          "values": true
        },
        "tooltip": {
          "mode": "single",
          "sort": "none"
        }
      },
      "targets": [
        {
          "cypherQuery": "MATCH (cc:CreditCard)-[t:TRANSACTION]->(m:Merchant)\nWHERE t.pred_catboost_is_fraud = 1\n  AND t.pred_gcn_is_fraud = 1\n  AND t.pred_xgb_is_fraud = 1\nRETURN t.category AS Category, SUM(t.amt) AS TotalAmount\nORDER BY TotalAmount DESC",
          "datasource": {
            "type": "kniepdennis-neo4j-datasource",
            "uid": "adt0ai4d35534a"
          },
          "hide": false,
          "refId": "A"
        }
      ],
      "title": "카테고리 간 사기 트랜잭션 배포",
      "type": "piechart"
    },
    {
      "datasource": {
        "type": "kniepdennis-neo4j-datasource",
        "uid": "adt0ai4d35534a"
      },
      "fieldConfig": {
        "defaults": {
          "color": {
            "mode": "thresholds"
          },
          "custom": {
            "hideFrom": {
              "legend": false,
              "tooltip": false,
              "viz": false
            }
          },
          "mappings": [],
          "thresholds": {
            "mode": "absolute",
            "steps": [
              {
                "color": "green",
                "value": null
              },
              {
                "color": "red",
                "value": 80
              }
            ]
          }
        },
        "overrides": []
      },
      "gridPos": {
        "h": 16,
        "w": 12,
        "x": 12,
        "y": 16
      },
      "id": 5,
      "options": {
        "basemap": {
          "config": {},
          "name": "Layer 0",
          "type": "default"
        },
        "controls": {
          "mouseWheelZoom": true,
          "showAttribution": true,
          "showDebug": false,
          "showMeasure": true,
          "showScale": true,
          "showZoom": true
        },
        "layers": [
          {
            "config": {
              "blur": 11,
              "radius": 6,
              "weight": {
                "field": "TransactionCount",
                "fixed": 1,
                "max": 1,
                "min": 0
              }
            },
            "location": {
              "mode": "auto"
            },
            "name": "Layer 1",
            "opacity": 1,
            "tooltip": false,
            "type": "heatmap"
          }
        ],
        "tooltip": {
          "mode": "details"
        },
        "view": {
          "allLayers": true,
          "id": "north-america",
          "lat": 40,
          "lon": -100,
          "zoom": 4
        }
      },
      "pluginVersion": "11.1.4",
      "targets": [
        {
          "cypherQuery": "MATCH (m:Merchant)<-[d:TRANSACTION {is_fraud: 1}]-(t)\nRETURN m.name AS MerchantName, \n       m.merch_lat AS Latitude, \n       m.merch_long AS Longitude, \n       d.is_fraud AS isFraud,\n       COUNT(t) AS TransactionCount\n",
          "datasource": {
            "type": "kniepdennis-neo4j-datasource",
            "uid": "adt0ai4d35534a"
          },
          "hide": false,
          "refId": "A"
        }
      ],
      "title": "이상거래 발생 위치 현황",
      "type": "geomap"
    },
    {
      "datasource": {
        "type": "kniepdennis-neo4j-datasource",
        "uid": "adt0ai4d35534a"
      },
      "fieldConfig": {
        "defaults": {
          "color": {
            "mode": "thresholds"
          },
          "custom": {
            "align": "auto",
            "cellOptions": {
              "type": "auto"
            },
            "inspect": false
          },
          "mappings": [],
          "thresholds": {
            "mode": "absolute",
            "steps": [
              {
                "color": "green",
                "value": null
              },
              {
                "color": "red",
                "value": 80
              }
            ]
          }
        },
        "overrides": []
      },
      "gridPos": {
        "h": 7,
        "w": 6,
        "x": 0,
        "y": 24
      },
      "id": 8,
      "options": {
        "cellHeight": "sm",
        "footer": {
          "countRows": false,
          "fields": "",
          "reducer": [
            "sum"
          ],
          "show": false
        },
        "showHeader": true
      },
      "pluginVersion": "11.1.4",
      "targets": [
        {
          "cypherQuery": "MATCH ()-[r:TRANSACTION]->()\nWHERE r.pred_gcn_is_fraud IS NOT NULL \n  AND r.pred_xgb_is_fraud IS NOT NULL \n  AND r.pred_catboost_is_fraud IS NOT NULL\nWITH r.pred_gcn_is_fraud AS GCN_PRED, \n     r.pred_xgb_is_fraud AS XGBOOST_PRED, \n     r.pred_catboost_is_fraud AS CATBOOST_PRED\n\n// Define categories\nWITH CASE \n    WHEN GCN_PRED = XGBOOST_PRED AND XGBOOST_PRED = CATBOOST_PRED THEN '전원 합의'\n    WHEN GCN_PRED = XGBOOST_PRED OR XGBOOST_PRED = CATBOOST_PRED OR GCN_PRED = CATBOOST_PRED THEN '다수 합의'\n    ELSE 'all-disagree'\nEND AS AgreementType\n\n// Count occurrences of each agreement type\nWITH AgreementType, COUNT(*) AS Count\nRETURN AgreementType, Count\nORDER BY AgreementType",
          "datasource": {
            "type": "kniepdennis-neo4j-datasource",
            "uid": "adt0ai4d35534a"
          },
          "hide": false,
          "refId": "A"
        }
      ],
      "title": "모델 예측 합의 비율",
      "type": "table"
    },
    {
      "datasource": {
        "type": "kniepdennis-neo4j-datasource",
        "uid": "adt0ai4d35534a"
      },
      "fieldConfig": {
        "defaults": {
          "color": {
            "mode": "palette-classic"
          },
          "mappings": [],
          "thresholds": {
            "mode": "absolute",
            "steps": [
              {
                "color": "green",
                "value": null
              }
            ]
          },
          "unit": "sishort"
        },
        "overrides": []
      },
      "gridPos": {
        "h": 7,
        "w": 6,
        "x": 6,
        "y": 24
      },
      "id": 6,
      "options": {
        "colorMode": "value",
        "graphMode": "none",
        "justifyMode": "auto",
        "orientation": "horizontal",
        "percentChangeColorMode": "standard",
        "reduceOptions": {
          "calcs": [
            "lastNotNull"
          ],
          "fields": "/.*/",
          "values": false
        },
        "showPercentChange": false,
        "text": {},
        "textMode": "value_and_name",
        "wideLayout": true
      },
      "pluginVersion": "11.1.4",
      "targets": [
        {
          "cypherQuery": "MATCH ()-[r:TRANSACTION]->()\nRETURN \n  SUM(CASE WHEN r.is_fraud = 0 THEN 1 ELSE 0 END) AS Not_Fraud_cases,\n  SUM(CASE WHEN r.is_fraud = 1 THEN 1 ELSE 0 END) AS Fraud_cases\n  \n",
          "datasource": {
            "type": "kniepdennis-neo4j-datasource",
            "uid": "adt0ai4d35534a"
          },
          "hide": false,
          "refId": "A"
        }
      ],
      "title": "총 비사기/사기 사건",
      "type": "stat"
    }
  ],
  "refresh": "5s",
  "schemaVersion": 39,
  "tags": [],
  "templating": {
    "list": []
  },
  "time": {
    "from": "now/fy",
    "to": "now/fy"
  },
  "timepicker": {},
  "timezone": "browser",
  "title": "Transactions Dashboard",
  "uid": "ddt0i8avxlm2od",
  "version": 1,
  "weekStart": ""
}